{"training-Average-BPD": 15.604221218692969, "_timestamp": 1712779475.11111, "_runtime": 66218.52092289925, "_step": 60, "training-epoch": 9, "test-Average-BPD": 14.55663779638238, "test-epoch": 9, "val-Average-BPD": 14.643575255703732, "val-epoch": 9, "samples": {"_type": "image-file", "sha256": "1abd64f7548501ed95c4e2c532446d69cd7c4ab250e89e50898e7c2153062324", "size": 42998, "path": "media/images/samples_6_1abd64f7548501ed95c4.png", "format": "png", "width": 274, "height": 70, "caption": "epoch 0"}, "FID": 47.213931632127014, "_wandb": {"runtime": 68372}}