{"training-Average-BPD": 3.1455530674182017, "_timestamp": 1713623741.9404979, "_runtime": 137108.67355298996, "_step": 363, "training-epoch": 89, "val-Average-BPD": 3.041514327059777, "val-epoch": 89, "samples": {"_type": "image-file", "sha256": "bbd3cfebb1f5d01edd9b9ec54738d55e65ad0c4d44bb0d9fd424710b3c362bbb", "size": 40792, "path": "media/images/samples_307_bbd3cfebb1f5d01edd9b.png", "format": "png", "width": 274, "height": 70, "caption": "epoch 75 class 3"}, "FID": 23.92566347785082}