{"training-Average-BPD": 6.464329316701997, "_timestamp": 1713484681.391123, "_runtime": 4532.550330162048, "_step": 3, "training-epoch": 0, "val-Average-BPD": 5.49521481283115, "val-epoch": 0, "_wandb": {"runtime": 6221}}