{"training-Average-BPD": 6.464329316701997, "_timestamp": 1713477717.665335, "_runtime": 1337.0936028957367, "_step": 1, "training-epoch": 0, "_wandb": {"runtime": 1336}}